{"cameraMode":{"drawMode":0,"name":"Shaded","section":"Shading Mode"},"sceneLighting":false,"audioPlay":false,"sceneViewState":{"m_AlwaysRefresh":false,"showFog":true,"showSkybox":false,"showFlares":true,"showImageEffects":true,"showParticleSystems":true,"showVisualEffectGraphs":true,"m_FxEnabled":false},"in2DMode":false,"pivot":{"x":-0.020653724670410157,"y":5.109498500823975,"z":0.9118900299072266},"rotation":{"x":0.012611663900315762,"y":0.9619626402854919,"z":-0.04568890854716301,"w":0.27007782459259035},"size":9.772773742675782,"orthographic":false}