{"cameraMode":{"drawMode":0,"name":"Shaded","section":"Shading Mode"},"sceneLighting":false,"audioPlay":false,"sceneViewState":{"m_AlwaysRefresh":false,"showFog":true,"showSkybox":false,"showFlares":true,"showImageEffects":true,"showParticleSystems":true,"showVisualEffectGraphs":true,"m_FxEnabled":false},"in2DMode":false,"pivot":{"x":2.200784206390381,"y":19.744646072387697,"z":33.69898223876953},"rotation":{"x":0.15837423503398896,"y":-0.003682319540530443,"z":0.0004157924558967352,"w":0.9876464009284973},"size":0.9741150140762329,"orthographic":false}