{"cameraMode":{"drawMode":0,"name":"Shaded","section":"Shading Mode"},"sceneLighting":false,"audioPlay":false,"sceneViewState":{"m_AlwaysRefresh":false,"showFog":true,"showSkybox":false,"showFlares":true,"showImageEffects":true,"showParticleSystems":true,"showVisualEffectGraphs":true,"m_FxEnabled":false},"in2DMode":false,"pivot":{"x":-0.1454295665025711,"y":2.9500842094421388,"z":0.5266061425209045},"rotation":{"x":-0.29564741253852847,"y":-0.05712942034006119,"z":0.017882954329252244,"w":-0.9537509083747864},"size":3.3182754516601564,"orthographic":false}